timestamp_utc,t_rel_sec,ecg_mV,event
2025-09-25T06:32:57.981529+00:00,0.000000,0.000000,
2025-09-25T06:32:57.986529+00:00,0.005000,0.000000,
2025-09-25T06:32:57.991529+00:00,0.010000,-0.001140,
2025-09-25T06:32:57.996529+00:00,0.015000,-0.001900,
2025-09-25T06:32:58.001529+00:00,0.020000,0.017860,
2025-09-25T06:32:58.006529+00:00,0.025000,-0.028120,
2025-09-25T06:32:58.011528+00:00,0.030000,-0.096900,
2025-09-25T06:32:58.016529+00:00,0.035000,0.286140,
2025-09-25T06:32:58.021528+00:00,0.040000,0.224960,
2025-09-25T06:32:58.026529+00:00,0.045000,-1.284400,
2025-09-25T06:32:58.031528+00:00,0.050000,-1.076160,
2025-09-25T06:32:58.036529+00:00,0.055000,2.604520,
2025-09-25T06:32:58.041528+00:00,0.060000,2.816940,
2025-09-25T06:32:58.046529+00:00,0.065000,-8.713780,
2025-09-25T06:32:58.051528+00:00,0.070000,-29.543480,
2025-09-25T06:32:58.056529+00:00,0.075000,-47.268960,
2025-09-25T06:32:58.061528+00:00,0.080000,-48.146760,
2025-09-25T06:32:58.066529+00:00,0.085000,-47.396260,
2025-09-25T06:32:58.071528+00:00,0.090000,-41.952760,
2025-09-25T06:32:58.076529+00:00,0.095000,-38.354540,
2025-09-25T06:32:58.081528+00:00,0.100000,-35.899740,
2025-09-25T06:32:58.086529+00:00,0.105000,-34.504000,
2025-09-25T06:32:58.091528+00:00,0.110000,-34.461440,
2025-09-25T06:32:58.096529+00:00,0.115000,-34.239900,
2025-09-25T06:32:58.101528+00:00,0.120000,-33.449500,
2025-09-25T06:32:58.106529+00:00,0.125000,-32.833900,
2025-09-25T06:32:58.111529+00:00,0.130000,-32.394240,
2025-09-25T06:32:58.116529+00:00,0.135000,-31.896060,
2025-09-25T06:32:58.121529+00:00,0.140000,-31.387240,
2025-09-25T06:32:58.126529+00:00,0.145000,-30.900840,
2025-09-25T06:32:58.131529+00:00,0.150000,-30.420900,
2025-09-25T06:32:58.136528+00:00,0.155000,-29.948560,
2025-09-25T06:32:58.141529+00:00,0.160000,-29.483440,
2025-09-25T06:32:58.146528+00:00,0.165000,-29.024020,
2025-09-25T06:32:58.151529+00:00,0.170000,-28.567260,
2025-09-25T06:32:58.156528+00:00,0.175000,-28.119240,
2025-09-25T06:32:58.161529+00:00,0.180000,-27.681480,
2025-09-25T06:32:58.166528+00:00,0.185000,-27.253600,
2025-09-25T06:32:58.171529+00:00,0.190000,-26.831040,
2025-09-25T06:32:58.176528+00:00,0.195000,-26.412660,
2025-09-25T06:32:58.181529+00:00,0.200000,-26.000740,
2025-09-25T06:32:58.186528+00:00,0.205000,-25.594900,
2025-09-25T06:32:58.191529+00:00,0.210000,-25.197040,
2025-09-25T06:32:58.196528+00:00,0.215000,-24.807160,
2025-09-25T06:32:58.201529+00:00,0.220000,-24.421840,
2025-09-25T06:32:58.206528+00:00,0.225000,-24.041080,
2025-09-25T06:32:58.211529+00:00,0.230000,-23.664880,
2025-09-25T06:32:58.216528+00:00,0.235000,-23.298180,
2025-09-25T06:32:58.221529+00:00,0.240000,-22.936420,
2025-09-25T06:32:58.226528+00:00,0.245000,-22.579980,
2025-09-25T06:32:58.231529+00:00,0.250000,-22.228860,
2025-09-25T06:32:58.236529+00:00,0.255000,-21.883060,
2025-09-25T06:32:58.241529+00:00,0.260000,-21.543340,
2025-09-25T06:32:58.246529+00:00,0.265000,-21.207420,
2025-09-25T06:32:58.251529+00:00,0.270000,-20.877580,
2025-09-25T06:32:58.256529+00:00,0.275000,-20.553060,
2025-09-25T06:32:58.261528+00:00,0.280000,-20.233860,
2025-09-25T06:32:58.266529+00:00,0.285000,-19.919220,
2025-09-25T06:32:58.271528+00:00,0.290000,-19.608380,
2025-09-25T06:32:58.276529+00:00,0.295000,-19.302480,
2025-09-25T06:32:58.281528+00:00,0.300000,-19.002660,
2025-09-25T06:32:58.286529+00:00,0.305000,-18.708160,
2025-09-25T06:32:58.291528+00:00,0.310000,-18.416700,
2025-09-25T06:32:58.296529+00:00,0.315000,-18.129420,
2025-09-25T06:32:58.301528+00:00,0.320000,-17.847840,
2025-09-25T06:32:58.306529+00:00,0.325000,-17.569680,
2025-09-25T06:32:58.311528+00:00,0.330000,-17.296460,
2025-09-25T06:32:58.316529+00:00,0.335000,-17.027800,
2025-09-25T06:32:58.321528+00:00,0.340000,-16.763320,
2025-09-25T06:32:58.326529+00:00,0.345000,-16.501880,
2025-09-25T06:32:58.331528+00:00,0.350000,-16.244620,
2025-09-25T06:32:58.336529+00:00,0.355000,-15.989640,
2025-09-25T06:32:58.341528+00:00,0.360000,-15.740360,
2025-09-25T06:32:58.346529+00:00,0.365000,-15.493740,
2025-09-25T06:32:58.351528+00:00,0.370000,-15.251680,
2025-09-25T06:32:58.356529+00:00,0.375000,-15.013800,
2025-09-25T06:32:58.361529+00:00,0.380000,-14.780480,
2025-09-25T06:32:58.366529+00:00,0.385000,-14.548680,
2025-09-25T06:32:58.371529+00:00,0.390000,-14.319160,
2025-09-25T06:32:58.376529+00:00,0.395000,-14.092300,
2025-09-25T06:32:58.381529+00:00,0.400000,-13.869620,
2025-09-25T06:32:58.386528+00:00,0.405000,-13.649980,
2025-09-25T06:32:58.391529+00:00,0.410000,-13.434520,
2025-09-25T06:32:58.396528+00:00,0.415000,-13.220960,
2025-09-25T06:32:58.401529+00:00,0.420000,-13.008920,
2025-09-25T06:32:58.406528+00:00,0.425000,-12.798780,
2025-09-25T06:32:58.411529+00:00,0.430000,-12.589020,
2025-09-25T06:32:58.416528+00:00,0.435000,-12.382680,
2025-09-25T06:32:58.421529+00:00,0.440000,-12.185080,
2025-09-25T06:32:58.426528+00:00,0.445000,-11.991280,
2025-09-25T06:32:58.431529+00:00,0.450000,-11.799000,
2025-09-25T06:32:58.436528+00:00,0.455000,-11.603680,
2025-09-25T06:32:58.441529+00:00,0.460000,-11.410260,
2025-09-25T06:32:58.446528+00:00,0.465000,-11.221780,
2025-09-25T06:32:58.451529+00:00,0.470000,-11.040520,
2025-09-25T06:32:58.456528+00:00,0.475000,-10.864200,
2025-09-25T06:32:58.461529+00:00,0.480000,-10.689400,
2025-09-25T06:32:58.466528+00:00,0.485000,-10.518780,
2025-09-25T06:32:58.471529+00:00,0.490000,-10.354620,
2025-09-25T06:32:58.476528+00:00,0.495000,-10.191980,
2025-09-25T06:32:58.481529+00:00,0.500000,-10.031620,
2025-09-25T06:32:58.486529+00:00,0.505000,-9.872780,
2025-09-25T06:32:58.491529+00:00,0.510000,-9.716600,
2025-09-25T06:32:58.496529+00:00,0.515000,-9.564600,
2025-09-25T06:32:58.501529+00:00,0.520000,-9.416780,
2025-09-25T06:32:58.506529+00:00,0.525000,-9.271620,
2025-09-25T06:32:58.511528+00:00,0.530000,-9.128740,
2025-09-25T06:32:58.516529+00:00,0.535000,-8.986620,
2025-09-25T06:32:58.521528+00:00,0.540000,-8.845640,
2025-09-25T06:32:58.526529+00:00,0.545000,-8.708460,
2025-09-25T06:32:58.531528+00:00,0.550000,-8.572040,
2025-09-25T06:32:58.536529+00:00,0.555000,-8.438660,
2025-09-25T06:32:58.541528+00:00,0.560000,-8.306420,
2025-09-25T06:32:58.546529+00:00,0.565000,-8.176460,
2025-09-25T06:32:58.551528+00:00,0.570000,-8.049540,
2025-09-25T06:32:58.556529+00:00,0.575000,-7.925280,
2025-09-25T06:32:58.561528+00:00,0.580000,-7.802160,
2025-09-25T06:32:58.566529+00:00,0.585000,-7.680940,
2025-09-25T06:32:58.571528+00:00,0.590000,-7.560480,
2025-09-25T06:32:58.576529+00:00,0.595000,-7.441160,
2025-09-25T06:32:58.581528+00:00,0.600000,-7.323740,
2025-09-25T06:32:58.586529+00:00,0.605000,-7.208600,
2025-09-25T06:32:58.591528+00:00,0.610000,-7.096120,
2025-09-25T06:32:58.596529+00:00,0.615000,-6.985540,
2025-09-25T06:32:58.601528+00:00,0.620000,-6.867740,
2025-09-25T06:32:58.606529+00:00,0.625000,-6.746520,
2025-09-25T06:32:58.611529+00:00,0.630000,-6.676220,
2025-09-25T06:32:58.616529+00:00,0.635000,-6.571340,
2025-09-25T06:32:58.621529+00:00,0.640000,-6.260880,
2025-09-25T06:32:58.626529+00:00,0.645000,-6.042380,
2025-09-25T06:32:58.631529+00:00,0.650000,-6.329660,
2025-09-25T06:32:58.636528+00:00,0.655000,-6.431120,
2025-09-25T06:32:58.641529+00:00,0.660000,-4.626120,
2025-09-25T06:32:58.646528+00:00,0.665000,0.014440,
2025-09-25T06:32:58.651529+00:00,0.670000,6.311800,
2025-09-25T06:32:58.656528+00:00,0.675000,12.042200,
2025-09-25T06:32:58.661529+00:00,0.680000,16.049300,
2025-09-25T06:32:58.666528+00:00,0.685000,18.792900,
2025-09-25T06:32:58.671529+00:00,0.690000,21.030340,
2025-09-25T06:32:58.676528+00:00,0.695000,22.837620,
2025-09-25T06:32:58.681529+00:00,0.700000,24.119740,
2025-09-25T06:32:58.686528+00:00,0.705000,25.022620,
2025-09-25T06:32:58.691529+00:00,0.710000,25.681160,
2025-09-25T06:32:58.696528+00:00,0.715000,26.132220,
2025-09-25T06:32:58.701529+00:00,0.720000,26.401260,
2025-09-25T06:32:58.706528+00:00,0.725000,26.530460,
2025-09-25T06:32:58.711529+00:00,0.730000,26.560100,
2025-09-25T06:32:58.716528+00:00,0.735000,26.517920,
2025-09-25T06:32:58.721529+00:00,0.740000,26.414940,
2025-09-25T06:32:58.726528+00:00,0.745000,26.256100,
2025-09-25T06:32:58.731529+00:00,0.750000,26.048240,
2025-09-25T06:32:58.736529+00:00,0.755000,25.805040,
2025-09-25T06:32:58.741529+00:00,0.760000,25.540560,
2025-09-25T06:32:58.746529+00:00,0.765000,25.259360,
2025-09-25T06:32:58.751529+00:00,0.770000,24.967520,
2025-09-25T06:32:58.756529+00:00,0.775000,24.668840,
2025-09-25T06:32:58.761528+00:00,0.780000,24.367500,
2025-09-25T06:32:58.766529+00:00,0.785000,24.062740,
2025-09-25T06:32:58.771528+00:00,0.790000,23.750000,
2025-09-25T06:32:58.776529+00:00,0.795000,23.425100,
2025-09-25T06:32:58.781528+00:00,0.800000,23.099440,
2025-09-25T06:32:58.786529+00:00,0.805000,22.780620,
2025-09-25T06:32:58.791528+00:00,0.810000,22.464840,
2025-09-25T06:32:58.796529+00:00,0.815000,22.147160,
2025-09-25T06:32:58.801528+00:00,0.820000,21.833280,
2025-09-25T06:32:58.806529+00:00,0.825000,21.530420,
2025-09-25T06:32:58.811528+00:00,0.830000,21.230600,
2025-09-25T06:32:58.816529+00:00,0.835000,20.926980,
2025-09-25T06:32:58.821528+00:00,0.840000,20.619940,
2025-09-25T06:32:58.826529+00:00,0.845000,20.316700,
2025-09-25T06:32:58.831528+00:00,0.850000,20.018020,
2025-09-25T06:32:58.836529+00:00,0.855000,19.720100,
2025-09-25T06:32:58.841528+00:00,0.860000,19.423700,
2025-09-25T06:32:58.846529+00:00,0.865000,19.131100,
2025-09-25T06:32:58.851528+00:00,0.870000,18.844200,
2025-09-25T06:32:58.856529+00:00,0.875000,18.563760,
2025-09-25T06:32:58.861529+00:00,0.880000,18.291300,
2025-09-25T06:32:58.866529+00:00,0.885000,18.032900,
2025-09-25T06:32:58.871529+00:00,0.890000,17.771840,
2025-09-25T06:32:58.876529+00:00,0.895000,17.498620,
2025-09-25T06:32:58.881529+00:00,0.900000,17.216660,
2025-09-25T06:32:58.886528+00:00,0.905000,16.949520,
2025-09-25T06:32:58.891529+00:00,0.910000,16.710120,
2025-09-25T06:32:58.896528+00:00,0.915000,16.482880,
2025-09-25T06:32:58.901529+00:00,0.920000,16.243860,
2025-09-25T06:32:58.906528+00:00,0.925000,15.985840,
2025-09-25T06:32:58.911529+00:00,0.930000,15.727820,
2025-09-25T06:32:58.916528+00:00,0.935000,15.491460,
2025-09-25T06:32:58.921529+00:00,0.940000,15.274480,
2025-09-25T06:32:58.926528+00:00,0.945000,15.053320,
2025-09-25T06:32:58.931529+00:00,0.950000,14.816960,
2025-09-25T06:32:58.936528+00:00,0.955000,14.578320,
2025-09-25T06:32:58.941529+00:00,0.960000,14.354500,
2025-09-25T06:32:58.946528+00:00,0.965000,14.146260,
2025-09-25T06:32:58.951529+00:00,0.970000,13.938400,
2025-09-25T06:32:58.956528+00:00,0.975000,13.723320,
2025-09-25T06:32:58.961529+00:00,0.980000,13.503680,
2025-09-25T06:32:58.966528+00:00,0.985000,13.293540,
2025-09-25T06:32:58.971529+00:00,0.990000,13.101260,
2025-09-25T06:32:58.976528+00:00,0.995000,12.912020,
2025-09-25T06:32:58.981529+00:00,1.000000,12.716700,
2025-09-25T06:32:58.986529+00:00,1.005000,12.518720,
2025-09-25T06:32:58.991529+00:00,1.010000,12.328720,
2025-09-25T06:32:58.996529+00:00,1.015000,12.149360,
2025-09-25T06:32:59.001529+00:00,1.020000,11.973040,
2025-09-25T06:32:59.006529+00:00,1.025000,11.789500,
2025-09-25T06:32:59.011528+00:00,1.030000,11.601020,
2025-09-25T06:32:59.016529+00:00,1.035000,11.415580,
2025-09-25T06:32:59.021528+00:00,1.040000,11.238120,
2025-09-25T06:32:59.026529+00:00,1.045000,11.067500,
2025-09-25T06:32:59.031528+00:00,1.050000,10.897640,
2025-09-25T06:32:59.036529+00:00,1.055000,10.727780,
2025-09-25T06:32:59.041528+00:00,1.060000,10.562100,
2025-09-25T06:32:59.046529+00:00,1.065000,10.404020,
2025-09-25T06:32:59.051528+00:00,1.070000,10.253920,
2025-09-25T06:32:59.056529+00:00,1.075000,10.103060,
2025-09-25T06:32:59.061528+00:00,1.080000,9.949920,
2025-09-25T06:32:59.066529+00:00,1.085000,9.797160,
2025-09-25T06:32:59.071528+00:00,1.090000,9.644400,
2025-09-25T06:32:59.076529+00:00,1.095000,9.492780,
2025-09-25T06:32:59.081528+00:00,1.100000,9.343060,
2025-09-25T06:32:59.086529+00:00,1.105000,9.199800,
2025-09-25T06:32:59.091528+00:00,1.110000,9.059960,
2025-09-25T06:32:59.096529+00:00,1.115000,8.923540,
2025-09-25T06:32:59.101528+00:00,1.120000,8.788640,
2025-09-25T06:32:59.106529+00:00,1.125000,8.654120,
2025-09-25T06:32:59.111529+00:00,1.130000,8.523020,
2025-09-25T06:32:59.116529+00:00,1.135000,8.397240,
2025-09-25T06:32:59.121529+00:00,1.140000,8.269940,
2025-09-25T06:32:59.126529+00:00,1.145000,8.141500,
2025-09-25T06:32:59.131529+00:00,1.150000,8.014200,
2025-09-25T06:32:59.136528+00:00,1.155000,7.893740,
2025-09-25T06:32:59.141529+00:00,1.160000,7.776320,
2025-09-25T06:32:59.146528+00:00,1.165000,7.663840,
2025-09-25T06:32:59.151529+00:00,1.170000,7.549080,
2025-09-25T06:32:59.156528+00:00,1.175000,7.428620,
2025-09-25T06:32:59.161529+00:00,1.180000,7.300940,
2025-09-25T06:32:59.166528+00:00,1.185000,7.174020,
2025-09-25T06:32:59.171529+00:00,1.190000,7.066480,
2025-09-25T06:32:59.176528+00:00,1.195000,6.975280,
2025-09-25T06:32:59.181529+00:00,1.200000,6.878760,
2025-09-25T06:32:59.186528+00:00,1.205000,6.766660,
2025-09-25T06:32:59.191529+00:00,1.210000,6.652280,
2025-09-25T06:32:59.196528+00:00,1.215000,6.551960,
2025-09-25T06:32:59.201529+00:00,1.220000,6.462280,
2025-09-25T06:32:59.206528+00:00,1.225000,6.366900,
2025-09-25T06:32:59.211529+00:00,1.230000,6.262400,
2025-09-25T06:32:59.216528+00:00,1.235000,6.154860,
2025-09-25T06:32:59.221529+00:00,1.240000,6.053400,
2025-09-25T06:32:59.226528+00:00,1.245000,5.961060,
2025-09-25T06:32:59.231529+00:00,1.250000,5.872520,
2025-09-25T06:32:59.236529+00:00,1.255000,5.781320,
2025-09-25T06:32:59.241529+00:00,1.260000,5.686320,
2025-09-25T06:32:59.246529+00:00,1.265000,5.595500,
2025-09-25T06:32:59.251529+00:00,1.270000,5.518740,
2025-09-25T06:32:59.256529+00:00,1.275000,5.447680,
2025-09-25T06:32:59.261528+00:00,1.280000,5.365980,
2025-09-25T06:32:59.266529+00:00,1.285000,5.272880,
2025-09-25T06:32:59.271528+00:00,1.290000,5.183200,
2025-09-25T06:32:59.276529+00:00,1.295000,5.104160,
2025-09-25T06:32:59.281528+00:00,1.300000,5.030060,
2025-09-25T06:32:59.286529+00:00,1.305000,4.951780,
2025-09-25T06:32:59.291528+00:00,1.310000,4.873500,
2025-09-25T06:32:59.296529+00:00,1.315000,4.799780,
2025-09-25T06:32:59.301528+00:00,1.320000,4.729480,
2025-09-25T06:32:59.306529+00:00,1.325000,4.658800,
2025-09-25T06:32:59.311528+00:00,1.330000,4.585460,
2025-09-25T06:32:59.316529+00:00,1.335000,4.510600,
2025-09-25T06:32:59.321528+00:00,1.340000,4.444480,
2025-09-25T06:32:59.326529+00:00,1.345000,4.381400,
2025-09-25T06:32:59.331528+00:00,1.350000,4.321740,
2025-09-25T06:32:59.336529+00:00,1.355000,4.260180,
2025-09-25T06:32:59.341528+00:00,1.360000,4.195580,
2025-09-25T06:32:59.346529+00:00,1.365000,4.128700,
2025-09-25T06:32:59.351528+00:00,1.370000,4.061060,
2025-09-25T06:32:59.356529+00:00,1.375000,3.999880,
2025-09-25T06:32:59.361529+00:00,1.380000,3.943260,
2025-09-25T06:32:59.366529+00:00,1.385000,3.893480,
2025-09-25T06:32:59.371529+00:00,1.390000,3.840660,
2025-09-25T06:32:59.376529+00:00,1.395000,3.779860,
2025-09-25T06:32:59.381529+00:00,1.400000,3.717160,
2025-09-25T06:32:59.386528+00:00,1.405000,3.667000,
2025-09-25T06:32:59.391529+00:00,1.410000,3.626340,
2025-09-25T06:32:59.396528+00:00,1.415000,3.590620,
2025-09-25T06:32:59.401529+00:00,1.420000,3.550340,
2025-09-25T06:32:59.406528+00:00,1.425000,3.505120,
2025-09-25T06:32:59.411529+00:00,1.430000,3.454580,
2025-09-25T06:32:59.416528+00:00,1.435000,3.401380,
2025-09-25T06:32:59.421529+00:00,1.440000,3.347420,
2025-09-25T06:32:59.426528+00:00,1.445000,3.294980,
2025-09-25T06:32:59.431529+00:00,1.450000,3.245200,
2025-09-25T06:32:59.436528+00:00,1.455000,3.196560,
2025-09-25T06:32:59.441529+00:00,1.460000,3.149060,
2025-09-25T06:32:59.446528+00:00,1.465000,3.093960,
2025-09-25T06:32:59.451529+00:00,1.470000,3.035060,
2025-09-25T06:32:59.456528+00:00,1.475000,2.976160,
2025-09-25T06:32:59.461529+00:00,1.480000,2.933600,
2025-09-25T06:32:59.466528+00:00,1.485000,2.900160,
2025-09-25T06:32:59.471529+00:00,1.490000,2.865960,
2025-09-25T06:32:59.476528+00:00,1.495000,2.817320,
2025-09-25T06:32:59.481529+00:00,1.500000,2.762220,
2025-09-25T06:32:59.486529+00:00,1.505000,2.717000,
2025-09-25T06:32:59.491529+00:00,1.510000,2.681660,
2025-09-25T06:32:59.496529+00:00,1.515000,2.640620,
2025-09-25T06:32:59.501529+00:00,1.520000,2.583620,
2025-09-25T06:32:59.506529+00:00,1.525000,2.523960,
2025-09-25T06:32:59.511528+00:00,1.530000,2.479880,
2025-09-25T06:32:59.516529+00:00,1.535000,2.455180,
2025-09-25T06:32:59.521528+00:00,1.540000,2.434280,
2025-09-25T06:32:59.526529+00:00,1.545000,2.396660,
2025-09-25T06:32:59.531528+00:00,1.550000,2.349160,
2025-09-25T06:32:59.536529+00:00,1.555000,2.312680,
2025-09-25T06:32:59.541528+00:00,1.560000,2.289880,
2025-09-25T06:32:59.546529+00:00,1.565000,2.265560,
2025-09-25T06:32:59.551528+00:00,1.570000,2.235920,
2025-09-25T06:32:59.556529+00:00,1.575000,2.207800,
2025-09-25T06:32:59.561528+00:00,1.580000,2.196780,
2025-09-25T06:32:59.566529+00:00,1.585000,2.196780,
2025-09-25T06:32:59.571528+00:00,1.590000,2.195260,
2025-09-25T06:32:59.576529+00:00,1.595000,2.183860,
2025-09-25T06:32:59.581528+00:00,1.600000,2.169420,
2025-09-25T06:32:59.586529+00:00,1.605000,2.153460,
2025-09-25T06:32:59.591528+00:00,1.610000,2.135600,
2025-09-25T06:32:59.596529+00:00,1.615000,2.112420,
2025-09-25T06:32:59.601528+00:00,1.620000,2.082780,
2025-09-25T06:32:59.606529+00:00,1.625000,2.046680,
2025-09-25T06:32:59.611529+00:00,1.630000,2.004500,
2025-09-25T06:32:59.616529+00:00,1.635000,1.959660,
2025-09-25T06:32:59.621529+00:00,1.640000,1.911400,
2025-09-25T06:32:59.626529+00:00,1.645000,1.855160,
2025-09-25T06:32:59.631529+00:00,1.650000,1.795120,
2025-09-25T06:32:59.636528+00:00,1.655000,1.755220,
2025-09-25T06:32:59.641529+00:00,1.660000,1.743060,
2025-09-25T06:32:59.646528+00:00,1.665000,1.745340,
2025-09-25T06:32:59.651529+00:00,1.670000,1.740780,
2025-09-25T06:32:59.656528+00:00,1.675000,1.731660,
2025-09-25T06:32:59.661529+00:00,1.680000,1.732040,
2025-09-25T06:32:59.666528+00:00,1.685000,1.744960,
2025-09-25T06:32:59.671529+00:00,1.690000,1.750280,
2025-09-25T06:32:59.676528+00:00,1.695000,1.739640,
2025-09-25T06:32:59.681529+00:00,1.700000,1.730520,
2025-09-25T06:32:59.686528+00:00,1.705000,1.749140,
2025-09-25T06:32:59.691529+00:00,1.710000,1.790180,
2025-09-25T06:32:59.696528+00:00,1.715000,1.826660,
2025-09-25T06:32:59.701529+00:00,1.720000,1.848320,
2025-09-25T06:32:59.706528+00:00,1.725000,1.871880,
2025-09-25T06:32:59.711529+00:00,1.730000,1.923180,
2025-09-25T06:32:59.716528+00:00,1.735000,1.990440,
2025-09-25T06:32:59.721529+00:00,1.740000,2.026160,
2025-09-25T06:32:59.726528+00:00,1.745000,2.004120,
2025-09-25T06:32:59.731529+00:00,1.750000,1.952440,
2025-09-25T06:32:59.736529+00:00,1.755000,1.922040,
2025-09-25T06:32:59.741529+00:00,1.760000,1.927360,
2025-09-25T06:32:59.746529+00:00,1.765000,1.945600,
2025-09-25T06:32:59.751529+00:00,1.770000,1.966880,
2025-09-25T06:32:59.756529+00:00,1.775000,1.989680,
2025-09-25T06:32:59.761528+00:00,1.780000,2.009440,
2025-09-25T06:32:59.766529+00:00,1.785000,2.008680,
2025-09-25T06:32:59.771528+00:00,1.790000,1.981320,
2025-09-25T06:32:59.776529+00:00,1.795000,1.934960,
2025-09-25T06:32:59.781528+00:00,1.800000,1.897340,
2025-09-25T06:32:59.786529+00:00,1.805000,1.880240,
2025-09-25T06:32:59.791528+00:00,1.810000,1.868080,
2025-09-25T06:32:59.796529+00:00,1.815000,1.834260,
2025-09-25T06:32:59.801528+00:00,1.820000,1.781440,
2025-09-25T06:32:59.806529+00:00,1.825000,1.721020,
2025-09-25T06:32:59.811528+00:00,1.830000,1.655660,
2025-09-25T06:32:59.816529+00:00,1.835000,1.565980,
2025-09-25T06:32:59.821528+00:00,1.840000,1.447420,
2025-09-25T06:32:59.826529+00:00,1.845000,1.317840,
2025-09-25T06:32:59.831528+00:00,1.850000,1.221320,
2025-09-25T06:32:59.836529+00:00,1.855000,1.195100,
2025-09-25T06:32:59.841528+00:00,1.860000,1.249440,
2025-09-25T06:32:59.846529+00:00,1.865000,1.342540,
2025-09-25T06:32:59.851528+00:00,1.870000,1.353940,
2025-09-25T06:32:59.856529+00:00,1.875000,1.163560,
2025-09-25T06:32:59.861529+00:00,1.880000,0.837520,
2025-09-25T06:32:59.866529+00:00,1.885000,0.613700,
2025-09-25T06:32:59.871529+00:00,1.890000,0.645240,
2025-09-25T06:32:59.876529+00:00,1.895000,0.821180,
2025-09-25T06:32:59.881529+00:00,1.900000,0.929480,
2025-09-25T06:32:59.886528+00:00,1.905000,0.899840,
2025-09-25T06:32:59.891529+00:00,1.910000,0.823840,
2025-09-25T06:32:59.896528+00:00,1.915000,0.789260,
2025-09-25T06:32:59.901529+00:00,1.920000,0.797240,
2025-09-25T06:32:59.906528+00:00,1.925000,0.810920,
2025-09-25T06:32:59.911529+00:00,1.930000,0.801420,
2025-09-25T06:32:59.916528+00:00,1.935000,0.697300,
2025-09-25T06:32:59.921529+00:00,1.940000,0.415340,
2025-09-25T06:32:59.926528+00:00,1.945000,0.005320,
2025-09-25T06:32:59.931529+00:00,1.950000,-0.297160,
2025-09-25T06:32:59.936528+00:00,1.955000,-0.268280,
2025-09-25T06:32:59.941529+00:00,1.960000,0.070300,
2025-09-25T06:32:59.946528+00:00,1.965000,0.468540,
2025-09-25T06:32:59.951529+00:00,1.970000,0.696920,
2025-09-25T06:32:59.956528+00:00,1.975000,0.720480,
2025-09-25T06:32:59.961529+00:00,1.980000,0.641060,
2025-09-25T06:32:59.966528+00:00,1.985000,0.533140,
2025-09-25T06:32:59.971529+00:00,1.990000,0.395580,
2025-09-25T06:32:59.976528+00:00,1.995000,0.260300,
2025-09-25T06:32:59.981529+00:00,2.000000,0.247000,
2025-09-25T06:32:59.986529+00:00,2.005000,0.278540,
2025-09-25T06:32:59.991529+00:00,2.010000,0.437760,
2025-09-25T06:32:59.996529+00:00,2.015000,1.365340,
2025-09-25T06:33:00.001529+00:00,2.020000,2.386400,
2025-09-25T06:33:00.006529+00:00,2.025000,1.828940,
2025-09-25T06:33:00.011528+00:00,2.030000,1.623740,
2025-09-25T06:33:00.016529+00:00,2.035000,6.994660,
2025-09-25T06:33:00.021528+00:00,2.040000,19.400140,
2025-09-25T06:33:00.026529+00:00,2.045000,32.904960,
2025-09-25T06:33:00.031528+00:00,2.050000,39.982460,
2025-09-25T06:33:00.036529+00:00,2.055000,39.585360,
2025-09-25T06:33:00.041528+00:00,2.060000,36.925360,
2025-09-25T06:33:00.046529+00:00,2.065000,36.134580,
2025-09-25T06:33:00.051528+00:00,2.070000,36.396400,
2025-09-25T06:33:00.056529+00:00,2.075000,35.920640,
2025-09-25T06:33:00.061528+00:00,2.080000,35.138980,
2025-09-25T06:33:00.066529+00:00,2.085000,34.614960,
2025-09-25T06:33:00.071528+00:00,2.090000,34.122480,
2025-09-25T06:33:00.076529+00:00,2.095000,33.591620,
2025-09-25T06:33:00.081528+00:00,2.100000,33.073680,
2025-09-25T06:33:00.086529+00:00,2.105000,32.561440,
2025-09-25T06:33:00.091528+00:00,2.110000,32.059080,
2025-09-25T06:33:00.096529+00:00,2.115000,31.564700,
2025-09-25T06:33:00.101528+00:00,2.120000,31.078680,
2025-09-25T06:33:00.106529+00:00,2.125000,30.598360,
2025-09-25T06:33:00.111529+00:00,2.130000,30.125260,
2025-09-25T06:33:00.116529+00:00,2.135000,29.658620,
2025-09-25T06:33:00.121529+00:00,2.140000,29.197680,
2025-09-25T06:33:00.126529+00:00,2.145000,28.745100,
2025-09-25T06:33:00.131529+00:00,2.150000,28.298220,
2025-09-25T06:33:00.136528+00:00,2.155000,27.858560,
2025-09-25T06:33:00.141529+00:00,2.160000,27.425360,
2025-09-25T06:33:00.146528+00:00,2.165000,27.000900,
2025-09-25T06:33:00.151529+00:00,2.170000,26.590500,
2025-09-25T06:33:00.156528+00:00,2.175000,26.189600,
2025-09-25T06:33:00.161529+00:00,2.180000,25.780340,
2025-09-25T06:33:00.166528+00:00,2.185000,25.344480,
2025-09-25T06:33:00.171529+00:00,2.190000,24.873280,
2025-09-25T06:33:00.176528+00:00,2.195000,24.348880,
2025-09-25T06:33:00.181529+00:00,2.200000,23.743540,
2025-09-25T06:33:00.186528+00:00,2.205000,23.011660,
2025-09-25T06:33:00.191529+00:00,2.210000,22.129300,
2025-09-25T06:33:00.196528+00:00,2.215000,21.122300,
2025-09-25T06:33:00.201529+00:00,2.220000,19.897940,
2025-09-25T06:33:00.206528+00:00,2.225000,18.295100,
2025-09-25T06:33:00.211529+00:00,2.230000,16.213460,
2025-09-25T06:33:00.216528+00:00,2.235000,13.736620,
2025-09-25T06:33:00.221529+00:00,2.240000,11.601780,
2025-09-25T06:33:00.226528+00:00,2.245000,10.744120,
2025-09-25T06:33:00.231529+00:00,2.250000,10.913220,
2025-09-25T06:33:00.236529+00:00,2.255000,10.597060,
2025-09-25T06:33:00.241529+00:00,2.260000,8.764700,
2025-09-25T06:33:00.246529+00:00,2.265000,6.126360,
2025-09-25T06:33:00.251529+00:00,2.270000,4.244220,
2025-09-25T06:33:00.256529+00:00,2.275000,3.767320,
2025-09-25T06:33:00.261528+00:00,2.280000,3.899560,
2025-09-25T06:33:00.266529+00:00,2.285000,3.619120,
2025-09-25T06:33:00.271528+00:00,2.290000,2.808580,
2025-09-25T06:33:00.276529+00:00,2.295000,1.798160,
2025-09-25T06:33:00.281528+00:00,2.300000,0.762280,
2025-09-25T06:33:00.286529+00:00,2.305000,-0.166440,
2025-09-25T06:33:00.291528+00:00,2.310000,-0.923020,
2025-09-25T06:33:00.296529+00:00,2.315000,-1.529500,
2025-09-25T06:33:00.301528+00:00,2.320000,-1.976380,
2025-09-25T06:33:00.306529+00:00,2.325000,-2.239340,
2025-09-25T06:33:00.311528+00:00,2.330000,-2.375000,
2025-09-25T06:33:00.316529+00:00,2.335000,-2.455940,
2025-09-25T06:33:00.321528+00:00,2.340000,-2.515980,
2025-09-25T06:33:00.326529+00:00,2.345000,-2.557400,
2025-09-25T06:33:00.331528+00:00,2.350000,-2.580960,
2025-09-25T06:33:00.336529+00:00,2.355000,-2.583240,
2025-09-25T06:33:00.341528+00:00,2.360000,-2.568040,
2025-09-25T06:33:00.346529+00:00,2.365000,-2.545240,
2025-09-25T06:33:00.351528+00:00,2.370000,-2.523580,
2025-09-25T06:33:00.356529+00:00,2.375000,-2.501160,
2025-09-25T06:33:00.361529+00:00,2.380000,-2.471140,
2025-09-25T06:33:00.366529+00:00,2.385000,-2.435420,
2025-09-25T06:33:00.371529+00:00,2.390000,-2.397040,
2025-09-25T06:33:00.376529+00:00,2.395000,-2.347260,
2025-09-25T06:33:00.381529+00:00,2.400000,-2.267080,
2025-09-25T06:33:00.386528+00:00,2.405000,-2.148900,
2025-09-25T06:33:00.391529+00:00,2.410000,-2.010200,
2025-09-25T06:33:00.396528+00:00,2.415000,-1.873400,
2025-09-25T06:33:00.401529+00:00,2.420000,-1.749520,
2025-09-25T06:33:00.406528+00:00,2.425000,-1.638560,
2025-09-25T06:33:00.411529+00:00,2.430000,-1.540900,
2025-09-25T06:33:00.416528+00:00,2.435000,-1.462620,
2025-09-25T06:33:00.421529+00:00,2.440000,-1.407900,
2025-09-25T06:33:00.426528+00:00,2.445000,-1.375220,
2025-09-25T06:33:00.431529+00:00,2.450000,-1.349760,
2025-09-25T06:33:00.436528+00:00,2.455000,-1.319740,
2025-09-25T06:33:00.441529+00:00,2.460000,-1.286680,
2025-09-25T06:33:00.446528+00:00,2.465000,-1.264640,
2025-09-25T06:33:00.451529+00:00,2.470000,-1.254000,
2025-09-25T06:33:00.456528+00:00,2.475000,-1.246780,
2025-09-25T06:33:00.461529+00:00,2.480000,-1.233480,
2025-09-25T06:33:00.466528+00:00,2.485000,-1.216380,
2025-09-25T06:33:00.471529+00:00,2.490000,-1.196240,
2025-09-25T06:33:00.476528+00:00,2.495000,-1.175340,
2025-09-25T06:33:00.481529+00:00,2.500000,-1.152540,
2025-09-25T06:33:00.486529+00:00,2.505000,-1.136200,
2025-09-25T06:33:00.491529+00:00,2.510000,-1.129740,
2025-09-25T06:33:00.496529+00:00,2.515000,-1.119860,
2025-09-25T06:33:00.501529+00:00,2.520000,-1.100860,
2025-09-25T06:33:00.506529+00:00,2.525000,-1.080720,
2025-09-25T06:33:00.511528+00:00,2.530000,-1.068940,
2025-09-25T06:33:00.516529+00:00,2.535000,-1.064380,
2025-09-25T06:33:00.521528+00:00,2.540000,-1.055640,
2025-09-25T06:33:00.526529+00:00,2.545000,-1.042340,
2025-09-25T06:33:00.531528+00:00,2.550000,-1.029420,
2025-09-25T06:33:00.536529+00:00,2.555000,-1.021060,
2025-09-25T06:33:00.541528+00:00,2.560000,-1.016880,
2025-09-25T06:33:00.546529+00:00,2.565000,-1.012700,
2025-09-25T06:33:00.551528+00:00,2.570000,-1.007760,
2025-09-25T06:33:00.556529+00:00,2.575000,-0.996740,
2025-09-25T06:33:00.561528+00:00,2.580000,-0.975080,
2025-09-25T06:33:00.566529+00:00,2.585000,-0.946960,
2025-09-25T06:33:00.571528+00:00,2.590000,-0.933660,
2025-09-25T06:33:00.576529+00:00,2.595000,-0.934800,
2025-09-25T06:33:00.581528+00:00,2.600000,-0.932900,
2025-09-25T06:33:00.586529+00:00,2.605000,-0.921120,
2025-09-25T06:33:00.591528+00:00,2.610000,-0.908960,
2025-09-25T06:33:00.596529+00:00,2.615000,-0.905540,
2025-09-25T06:33:00.601528+00:00,2.620000,-0.897560,
2025-09-25T06:33:00.606529+00:00,2.625000,-0.878180,
2025-09-25T06:33:00.611529+00:00,2.630000,-0.856900,
2025-09-25T06:33:00.616529+00:00,2.635000,-0.848160,
2025-09-25T06:33:00.621529+00:00,2.640000,-0.849300,
2025-09-25T06:33:00.626529+00:00,2.645000,-0.847780,
2025-09-25T06:33:00.631529+00:00,2.650000,-0.838280,
2025-09-25T06:33:00.636528+00:00,2.655000,-0.825360,
2025-09-25T06:33:00.641529+00:00,2.660000,-0.812440,
2025-09-25T06:33:00.646528+00:00,2.665000,-0.803700,
2025-09-25T06:33:00.651529+00:00,2.670000,-0.801420,
2025-09-25T06:33:00.656528+00:00,2.675000,-0.796860,
2025-09-25T06:33:00.661529+00:00,2.680000,-0.782800,
2025-09-25T06:33:00.666528+00:00,2.685000,-0.764560,
2025-09-25T06:33:00.671529+00:00,2.690000,-0.749740,
2025-09-25T06:33:00.676528+00:00,2.695000,-0.737580,
2025-09-25T06:33:00.681529+00:00,2.700000,-0.729980,
2025-09-25T06:33:00.686528+00:00,2.705000,-0.730360,
2025-09-25T06:33:00.691529+00:00,2.710000,-0.734160,
2025-09-25T06:33:00.696528+00:00,2.715000,-0.733020,
2025-09-25T06:33:00.701529+00:00,2.720000,-0.719720,
2025-09-25T06:33:00.706528+00:00,2.725000,-0.704900,
2025-09-25T06:33:00.711529+00:00,2.730000,-0.699200,
2025-09-25T06:33:00.716528+00:00,2.735000,-0.704520,
2025-09-25T06:33:00.721529+00:00,2.740000,-0.706800,
2025-09-25T06:33:00.726528+00:00,2.745000,-0.693120,
2025-09-25T06:33:00.731529+00:00,2.750000,-0.671080,
2025-09-25T06:33:00.736529+00:00,2.755000,-0.661580,
2025-09-25T06:33:00.741529+00:00,2.760000,-0.666140,
2025-09-25T06:33:00.746529+00:00,2.765000,-0.670320,
2025-09-25T06:33:00.751529+00:00,2.770000,-0.658540,
2025-09-25T06:33:00.756529+00:00,2.775000,-0.640300,
2025-09-25T06:33:00.761528+00:00,2.780000,-0.633840,
2025-09-25T06:33:00.766529+00:00,2.785000,-0.642580,
2025-09-25T06:33:00.771528+00:00,2.790000,-0.645620,
2025-09-25T06:33:00.776529+00:00,2.795000,-0.633460,
2025-09-25T06:33:00.781528+00:00,2.800000,-0.619400,
2025-09-25T06:33:00.786529+00:00,2.805000,-0.624720,
2025-09-25T06:33:00.791528+00:00,2.810000,-0.640680,
2025-09-25T06:33:00.796529+00:00,2.815000,-0.642580,
2025-09-25T06:33:00.801528+00:00,2.820000,-0.628900,
2025-09-25T06:33:00.806529+00:00,2.825000,-0.616740,
2025-09-25T06:33:00.811528+00:00,2.830000,-0.619400,
2025-09-25T06:33:00.816529+00:00,2.835000,-0.625480,
2025-09-25T06:33:00.821528+00:00,2.840000,-0.619020,
2025-09-25T06:33:00.826529+00:00,2.845000,-0.603820,
2025-09-25T06:33:00.831528+00:00,2.850000,-0.595080,
2025-09-25T06:33:00.836529+00:00,2.855000,-0.595460,
2025-09-25T06:33:00.841528+00:00,2.860000,-0.590900,
2025-09-25T06:33:00.846529+00:00,2.865000,-0.580640,
2025-09-25T06:33:00.851528+00:00,2.870000,-0.574560,
2025-09-25T06:33:00.856529+00:00,2.875000,-0.576080,
2025-09-25T06:33:00.861529+00:00,2.880000,-0.575700,
2025-09-25T06:33:00.866529+00:00,2.885000,-0.560120,
2025-09-25T06:33:00.871529+00:00,2.890000,-0.533900,
2025-09-25T06:33:00.876529+00:00,2.895000,-0.515660,
2025-09-25T06:33:00.881529+00:00,2.900000,-0.521740,
2025-09-25T06:33:00.886528+00:00,2.905000,-0.546440,
2025-09-25T06:33:00.891529+00:00,2.910000,-0.577600,
2025-09-25T06:33:00.896528+00:00,2.915000,-0.608000,
2025-09-25T06:33:00.901529+00:00,2.920000,-0.629660,
2025-09-25T06:33:00.906528+00:00,2.925000,-0.630040,
2025-09-25T06:33:00.911529+00:00,2.930000,-0.618260,
2025-09-25T06:33:00.916528+00:00,2.935000,-0.598120,
2025-09-25T06:33:00.921529+00:00,2.940000,-0.534660,
2025-09-25T06:33:00.926528+00:00,2.945000,-0.377720,
2025-09-25T06:33:00.931529+00:00,2.950000,-0.119320,
2025-09-25T06:33:00.936528+00:00,2.955000,0.196460,
2025-09-25T06:33:00.941529+00:00,2.960000,0.508060,
2025-09-25T06:33:00.946528+00:00,2.965000,0.766840,
2025-09-25T06:33:00.951529+00:00,2.970000,0.959880,
2025-09-25T06:33:00.956528+00:00,2.975000,1.066280,
2025-09-25T06:33:00.961529+00:00,2.980000,1.021440,
2025-09-25T06:33:00.966528+00:00,2.985000,0.822700,
2025-09-25T06:33:00.971529+00:00,2.990000,0.535040,
2025-09-25T06:33:00.976528+00:00,2.995000,0.407740,
2025-09-25T06:33:00.981529+00:00,3.000000,0.680200,
2025-09-25T06:33:00.986529+00:00,3.005000,0.955320,
2025-09-25T06:33:00.991529+00:00,3.010000,0.440040,
2025-09-25T06:33:00.996529+00:00,3.015000,-0.977360,
2025-09-25T06:33:01.001529+00:00,3.020000,-2.507240,
2025-09-25T06:33:01.006529+00:00,3.025000,-3.471680,
2025-09-25T06:33:01.011528+00:00,3.030000,-4.100580,
2025-09-25T06:33:01.016529+00:00,3.035000,-5.030440,
2025-09-25T06:33:01.021528+00:00,3.040000,-6.197040,
2025-09-25T06:33:01.026529+00:00,3.045000,-6.813020,
2025-09-25T06:33:01.031528+00:00,3.050000,-6.587680,
2025-09-25T06:33:01.036529+00:00,3.055000,-6.205020,
2025-09-25T06:33:01.041528+00:00,3.060000,-6.297360,
2025-09-25T06:33:01.046529+00:00,3.065000,-6.763240,
2025-09-25T06:33:01.051528+00:00,3.070000,-7.138300,
2025-09-25T06:33:01.056529+00:00,3.075000,-7.174780,
2025-09-25T06:33:01.061528+00:00,3.080000,-7.018600,
2025-09-25T06:33:01.066529+00:00,3.085000,-6.916380,
2025-09-25T06:33:01.071528+00:00,3.090000,-6.877620,
2025-09-25T06:33:01.076529+00:00,3.095000,-6.813400,
2025-09-25T06:33:01.081528+00:00,3.100000,-6.721440,
2025-09-25T06:33:01.086529+00:00,3.105000,-6.629860,
2025-09-25T06:33:01.091528+00:00,3.110000,-6.545120,
2025-09-25T06:33:01.096529+00:00,3.115000,-6.469120,
2025-09-25T06:33:01.101528+00:00,3.120000,-6.395400,
2025-09-25T06:33:01.106529+00:00,3.125000,-6.320540,
2025-09-25T06:33:01.111529+00:00,3.130000,-6.246820,
2025-09-25T06:33:01.116529+00:00,3.135000,-6.170060,
2025-09-25T06:33:01.121529+00:00,3.140000,-6.080760,
2025-09-25T06:33:01.126529+00:00,3.145000,-5.988040,
2025-09-25T06:33:01.131529+00:00,3.150000,-5.896840,
2025-09-25T06:33:01.136528+00:00,3.155000,-5.809820,
2025-09-25T06:33:01.141529+00:00,3.160000,-5.722040,
2025-09-25T06:33:01.146528+00:00,3.165000,-5.631600,
2025-09-25T06:33:01.151529+00:00,3.170000,-5.544960,
2025-09-25T06:33:01.156528+00:00,3.175000,-5.472000,
2025-09-25T06:33:01.161529+00:00,3.180000,-5.415380,
2025-09-25T06:33:01.166528+00:00,3.185000,-5.356100,
2025-09-25T06:33:01.171529+00:00,3.190000,-5.287320,
2025-09-25T06:33:01.176528+00:00,3.195000,-5.215500,
2025-09-25T06:33:01.181529+00:00,3.200000,-5.140260,
2025-09-25T06:33:01.186528+00:00,3.205000,-5.052480,
2025-09-25T06:33:01.191529+00:00,3.210000,-4.961660,
2025-09-25T06:33:01.196528+00:00,3.215000,-4.890220,
2025-09-25T06:33:01.201529+00:00,3.220000,-4.832840,
2025-09-25T06:33:01.206528+00:00,3.225000,-4.765580,
2025-09-25T06:33:01.211529+00:00,3.230000,-4.685020,
2025-09-25T06:33:01.216528+00:00,3.235000,-4.601800,
2025-09-25T06:33:01.221529+00:00,3.240000,-4.520480,
2025-09-25T06:33:01.226528+00:00,3.245000,-4.440680,
2025-09-25T06:33:01.231529+00:00,3.250000,-4.370380,
2025-09-25T06:33:01.236529+00:00,3.255000,-4.312240,
2025-09-25T06:33:01.241529+00:00,3.260000,-4.274620,
2025-09-25T06:33:01.246529+00:00,3.265000,-4.240420,
2025-09-25T06:33:01.251529+00:00,3.270000,-4.178100,
2025-09-25T06:33:01.256529+00:00,3.275000,-4.092220,
2025-09-25T06:33:01.261528+00:00,3.280000,-4.020020,
2025-09-25T06:33:01.266529+00:00,3.285000,-3.963020,
2025-09-25T06:33:01.271528+00:00,3.290000,-3.907160,
2025-09-25T06:33:01.276529+00:00,3.295000,-3.847880,
2025-09-25T06:33:01.281528+00:00,3.300000,-3.787460,
2025-09-25T06:33:01.286529+00:00,3.305000,-3.722100,
2025-09-25T06:33:01.291528+00:00,3.310000,-3.667380,
2025-09-25T06:33:01.296529+00:00,3.315000,-3.621020,
2025-09-25T06:33:01.301528+00:00,3.320000,-3.572760,
2025-09-25T06:33:01.306529+00:00,3.325000,-3.525640,
2025-09-25T06:33:01.311528+00:00,3.330000,-3.481180,
2025-09-25T06:33:01.316529+00:00,3.335000,-3.420760,
2025-09-25T06:33:01.321528+00:00,3.340000,-3.347800,
2025-09-25T06:33:01.326529+00:00,3.345000,-3.288140,
2025-09-25T06:33:01.331528+00:00,3.350000,-3.243680,
2025-09-25T06:33:01.336529+00:00,3.355000,-3.197700,
2025-09-25T06:33:01.341528+00:00,3.360000,-3.149820,
2025-09-25T06:33:01.346529+00:00,3.365000,-3.102320,
2025-09-25T06:33:01.351528+00:00,3.370000,-3.050640,
2025-09-25T06:33:01.356529+00:00,3.375000,-2.997820,
2025-09-25T06:33:01.361529+00:00,3.380000,-2.949940,
2025-09-25T06:33:01.366529+00:00,3.385000,-2.902440,
2025-09-25T06:33:01.371529+00:00,3.390000,-2.861780,
2025-09-25T06:33:01.376529+00:00,3.395000,-2.836320,
2025-09-25T06:33:01.381529+00:00,3.400000,-2.804020,
2025-09-25T06:33:01.386528+00:00,3.405000,-2.751960,
2025-09-25T06:33:01.391529+00:00,3.410000,-2.697620,
2025-09-25T06:33:01.396528+00:00,3.415000,-2.652020,
2025-09-25T06:33:01.401529+00:00,3.420000,-2.606040,
2025-09-25T06:33:01.406528+00:00,3.425000,-2.567660,
2025-09-25T06:33:01.411529+00:00,3.430000,-2.542200,
2025-09-25T06:33:01.416528+00:00,3.435000,-2.518260,
2025-09-25T06:33:01.421529+00:00,3.440000,-2.479500,
2025-09-25T06:33:01.426528+00:00,3.445000,-2.438080,
2025-09-25T06:33:01.431529+00:00,3.450000,-2.397420,
2025-09-25T06:33:01.436528+00:00,3.455000,-2.360180,
2025-09-25T06:33:01.441529+00:00,3.460000,-2.332060,
2025-09-25T06:33:01.446528+00:00,3.465000,-2.314580,
2025-09-25T06:33:01.451529+00:00,3.470000,-2.286840,
2025-09-25T06:33:01.456528+00:00,3.475000,-2.248840,
2025-09-25T06:33:01.461529+00:00,3.480000,-2.216540,
2025-09-25T06:33:01.466528+00:00,3.485000,-2.188040,
2025-09-25T06:33:01.471529+00:00,3.490000,-2.151180,
2025-09-25T06:33:01.476528+00:00,3.495000,-2.105960,
2025-09-25T06:33:01.481529+00:00,3.500000,-2.124960,
2025-09-25T06:33:01.486529+00:00,3.505000,-2.088100,
2025-09-25T06:33:01.491529+00:00,3.510000,-1.770800,
2025-09-25T06:33:01.496529+00:00,3.515000,-2.012100,
2025-09-25T06:33:01.501529+00:00,3.520000,-3.118280,
2025-09-25T06:33:01.506529+00:00,3.525000,-2.474940,
2025-09-25T06:33:01.511528+00:00,3.530000,0.482980,
2025-09-25T06:33:01.516529+00:00,3.535000,-0.602300,
2025-09-25T06:33:01.521528+00:00,3.540000,-12.380400,
2025-09-25T06:33:01.526529+00:00,3.545000,-31.717840,
2025-09-25T06:33:01.531528+00:00,3.550000,-47.210060,
2025-09-25T06:33:01.536529+00:00,3.555000,-49.807360,
2025-09-25T06:33:01.541528+00:00,3.560000,-46.771540,
2025-09-25T06:33:01.546529+00:00,3.565000,-44.249860,
2025-09-25T06:33:01.551528+00:00,3.570000,-44.387800,
2025-09-25T06:33:01.556529+00:00,3.575000,-44.429600,
2025-09-25T06:33:01.561528+00:00,3.580000,-43.520640,
2025-09-25T06:33:01.566529+00:00,3.585000,-42.716940,
2025-09-25T06:33:01.571528+00:00,3.590000,-42.116160,
2025-09-25T06:33:01.576529+00:00,3.595000,-41.466740,
2025-09-25T06:33:01.581528+00:00,3.600000,-40.813900,
2025-09-25T06:33:01.586529+00:00,3.605000,-40.180440,
2025-09-25T06:33:01.591528+00:00,3.610000,-39.554960,
2025-09-25T06:33:01.596529+00:00,3.615000,-38.938220,
2025-09-25T06:33:01.601528+00:00,3.620000,-38.332120,
2025-09-25T06:33:01.606529+00:00,3.625000,-37.736280,
2025-09-25T06:33:01.611529+00:00,3.630000,-37.151460,
2025-09-25T06:33:01.616529+00:00,3.635000,-36.574620,
2025-09-25T06:33:01.621529+00:00,3.640000,-36.005380,
2025-09-25T06:33:01.626529+00:00,3.645000,-35.445260,
2025-09-25T06:33:01.631529+00:00,3.650000,-34.893120,
2025-09-25T06:33:01.636528+00:00,3.655000,-34.350100,
2025-09-25T06:33:01.641529+00:00,3.660000,-33.817720,
2025-09-25T06:33:01.646528+00:00,3.665000,-33.291800,
2025-09-25T06:33:01.651529+00:00,3.670000,-32.775000,
2025-09-25T06:33:01.656528+00:00,3.675000,-32.263140,
2025-09-25T06:33:01.661529+00:00,3.680000,-31.760780,
2025-09-25T06:33:01.666528+00:00,3.685000,-31.266780,
2025-09-25T06:33:01.671529+00:00,3.690000,-30.780760,
2025-09-25T06:33:01.676528+00:00,3.695000,-30.302720,
2025-09-25T06:33:01.681529+00:00,3.700000,-29.831900,
2025-09-25T06:33:01.686528+00:00,3.705000,-29.367540,
2025-09-25T06:33:01.691529+00:00,3.710000,-28.910400,
2025-09-25T06:33:01.696528+00:00,3.715000,-28.459720,
2025-09-25T06:33:01.701529+00:00,3.720000,-28.015120,
2025-09-25T06:33:01.706528+00:00,3.725000,-27.578500,
2025-09-25T06:33:01.711529+00:00,3.730000,-27.147200,
2025-09-25T06:33:01.716528+00:00,3.735000,-26.723880,
2025-09-25T06:33:01.721529+00:00,3.740000,-26.307020,
2025-09-25T06:33:01.726528+00:00,3.745000,-25.896240,
2025-09-25T06:33:01.731529+00:00,3.750000,-25.493060,
2025-09-25T06:33:01.736529+00:00,3.755000,-25.095580,
2025-09-25T06:33:01.741529+00:00,3.760000,-24.703040,
2025-09-25T06:33:01.746529+00:00,3.765000,-24.315820,
2025-09-25T06:33:01.751529+00:00,3.770000,-23.934680,
2025-09-25T06:33:01.756529+00:00,3.775000,-23.558860,
2025-09-25T06:33:01.761528+00:00,3.780000,-23.184180,
2025-09-25T06:33:01.766529+00:00,3.785000,-22.811020,
2025-09-25T06:33:01.771528+00:00,3.790000,-22.444320,
2025-09-25T06:33:01.776529+00:00,3.795000,-22.087120,
2025-09-25T06:33:01.781528+00:00,3.800000,-21.737520,
2025-09-25T06:33:01.786529+00:00,3.805000,-21.393620,
2025-09-25T06:33:01.791528+00:00,3.810000,-21.050860,
2025-09-25T06:33:01.796529+00:00,3.815000,-20.713040,
2025-09-25T06:33:01.801528+00:00,3.820000,-20.383960,
2025-09-25T06:33:01.806529+00:00,3.825000,-20.061340,
2025-09-25T06:33:01.811528+00:00,3.830000,-19.742900,
2025-09-25T06:33:01.816529+00:00,3.835000,-19.428640,
2025-09-25T06:33:01.821528+00:00,3.840000,-19.117800,
2025-09-25T06:33:01.826529+00:00,3.845000,-18.814180,
2025-09-25T06:33:01.831528+00:00,3.850000,-18.515120,
2025-09-25T06:33:01.836529+00:00,3.855000,-18.220620,
2025-09-25T06:33:01.841528+00:00,3.860000,-17.930680,
2025-09-25T06:33:01.846529+00:00,3.865000,-17.648340,
2025-09-25T06:33:01.851528+00:00,3.870000,-17.370560,
2025-09-25T06:33:01.856529+00:00,3.875000,-17.097340,
2025-09-25T06:33:01.861529+00:00,3.880000,-16.827920,
2025-09-25T06:33:01.866529+00:00,3.885000,-16.567240,
2025-09-25T06:33:01.871529+00:00,3.890000,-16.314920,
2025-09-25T06:33:01.876529+00:00,3.895000,-16.070200,
2025-09-25T06:33:01.881529+00:00,3.900000,-15.823580,
2025-09-25T06:33:01.886528+00:00,3.905000,-15.575440,
2025-09-25T06:33:01.891529+00:00,3.910000,-15.327300,
2025-09-25T06:33:01.896528+00:00,3.915000,-15.085240,
2025-09-25T06:33:01.901529+00:00,3.920000,-14.850020,
2025-09-25T06:33:01.906528+00:00,3.925000,-14.618980,
2025-09-25T06:33:01.911529+00:00,3.930000,-14.391360,
2025-09-25T06:33:01.916528+00:00,3.935000,-14.167160,
2025-09-25T06:33:01.921529+00:00,3.940000,-13.944100,
2025-09-25T06:33:01.926528+00:00,3.945000,-13.725220,
2025-09-25T06:33:01.931529+00:00,3.950000,-13.511660,
2025-09-25T06:33:01.936528+00:00,3.955000,-13.300000,
2025-09-25T06:33:01.941529+00:00,3.960000,-13.092140,
2025-09-25T06:33:01.946528+00:00,3.965000,-12.886940,
2025-09-25T06:33:01.951529+00:00,3.970000,-12.686300,
2025-09-25T06:33:01.956528+00:00,3.975000,-12.488320,
2025-09-25T06:33:01.961529+00:00,3.980000,-12.293380,
2025-09-25T06:33:01.966528+00:00,3.985000,-12.100340,
2025-09-25T06:33:01.971529+00:00,3.990000,-11.910340,
2025-09-25T06:33:01.976528+00:00,3.995000,-11.724900,
2025-09-25T06:33:01.981529+00:00,4.000000,-11.542500,
2025-09-25T06:33:01.986529+00:00,4.005000,-11.360100,
2025-09-25T06:33:01.991529+00:00,4.010000,-11.182260,
2025-09-25T06:33:01.996529+00:00,4.015000,-11.008220,
2025-09-25T06:33:02.001529+00:00,4.020000,-10.836460,
2025-09-25T06:33:02.006529+00:00,4.025000,-10.667360,
2025-09-25T06:33:02.011528+00:00,4.030000,-10.502060,
2025-09-25T06:33:02.016529+00:00,4.035000,-10.338660,
2025-09-25T06:33:02.021528+00:00,4.040000,-10.177160,
2025-09-25T06:33:02.026529+00:00,4.045000,-10.015280,
2025-09-25T06:33:02.031528+00:00,4.050000,-9.858720,
2025-09-25T06:33:02.036529+00:00,4.055000,-9.705200,
2025-09-25T06:33:02.041528+00:00,4.060000,-9.553960,
2025-09-25T06:33:02.046529+00:00,4.065000,-9.404620,
2025-09-25T06:33:02.051528+00:00,4.070000,-9.257180,
2025-09-25T06:33:02.056529+00:00,4.075000,-9.112400,
2025-09-25T06:33:02.061528+00:00,4.080000,-8.970280,
2025-09-25T06:33:02.066529+00:00,4.085000,-8.831200,
2025-09-25T06:33:02.071528+00:00,4.090000,-8.693260,
2025-09-25T06:33:02.076529+00:00,4.095000,-8.557600,
2025-09-25T06:33:02.081528+00:00,4.100000,-8.423460,
2025-09-25T06:33:02.086529+00:00,4.105000,-8.291600,
2025-09-25T06:33:02.091528+00:00,4.110000,-8.160500,
2025-09-25T06:33:02.096529+00:00,4.115000,-8.030540,
2025-09-25T06:33:02.101528+00:00,4.120000,-7.904380,
2025-09-25T06:33:02.106529+00:00,4.125000,-7.780880,
2025-09-25T06:33:02.111529+00:00,4.130000,-7.660040,
2025-09-25T06:33:02.116529+00:00,4.135000,-7.540340,
2025-09-25T06:33:02.121529+00:00,4.140000,-7.422540,
2025-09-25T06:33:02.126529+00:00,4.145000,-7.306640,
2025-09-25T06:33:02.131529+00:00,4.150000,-7.191500,
2025-09-25T06:33:02.136528+00:00,4.155000,-7.075600,
2025-09-25T06:33:02.141529+00:00,4.160000,-6.961980,
2025-09-25T06:33:02.146528+00:00,4.165000,-6.851780,
2025-09-25T06:33:02.151529+00:00,4.170000,-6.736260,
2025-09-25T06:33:02.156528+00:00,4.175000,-6.623780,
2025-09-25T06:33:02.161529+00:00,4.180000,-6.560320,
2025-09-25T06:33:02.166528+00:00,4.185000,-6.434540,
2025-09-25T06:33:02.171529+00:00,4.190000,-6.119520,
2025-09-25T06:33:02.176528+00:00,4.195000,-5.947760,
2025-09-25T06:33:02.181529+00:00,4.200000,-6.272280,
2025-09-25T06:33:02.186528+00:00,4.205000,-6.247580,
2025-09-25T06:33:02.191529+00:00,4.210000,-4.020020,
2025-09-25T06:33:02.196528+00:00,4.215000,1.150260,
2025-09-25T06:33:02.201529+00:00,4.220000,7.641420,
2025-09-25T06:33:02.206528+00:00,4.225000,13.130520,
2025-09-25T06:33:02.211529+00:00,4.230000,16.818420,
2025-09-25T06:33:02.216528+00:00,4.235000,19.397100,
2025-09-25T06:33:02.221529+00:00,4.240000,21.525100,
2025-09-25T06:33:02.226528+00:00,4.245000,23.225980,
2025-09-25T06:33:02.231529+00:00,4.250000,24.429820,
2025-09-25T06:33:02.236529+00:00,4.255000,25.286720,
2025-09-25T06:33:02.241529+00:00,4.260000,25.937280,
2025-09-25T06:33:02.246529+00:00,4.265000,26.350720,
2025-09-25T06:33:02.251529+00:00,4.270000,26.479920,
2025-09-25T06:33:02.256529+00:00,4.275000,26.422160,
2025-09-25T06:33:02.261528+00:00,4.280000,26.291820,
2025-09-25T06:33:02.266529+00:00,4.285000,26.128040,
2025-09-25T06:33:02.271528+00:00,4.290000,25.994660,
2025-09-25T06:33:02.276529+00:00,4.295000,25.902700,
2025-09-25T06:33:02.281528+00:00,4.300000,25.750700,
2025-09-25T06:33:02.286529+00:00,4.305000,25.494960,
2025-09-25T06:33:02.291528+00:00,4.310000,25.201220,
2025-09-25T06:33:02.296529+00:00,4.315000,24.888860,
2025-09-25T06:33:02.301528+00:00,4.320000,24.584480,
2025-09-25T06:33:02.306529+00:00,4.325000,24.358000,
2025-09-25T06:33:02.311528+00:00,4.330000,24.191560,
2025-09-25T06:33:02.316529+00:00,4.335000,23.989400,
2025-09-25T06:33:02.321528+00:00,4.340000,23.750760,
2025-09-25T06:33:02.326529+00:00,4.345000,23.519720,
2025-09-25T06:33:02.331528+00:00,4.350000,23.262080,
2025-09-25T06:33:02.336529+00:00,4.355000,22.966060,
2025-09-25T06:33:02.341528+00:00,4.360000,22.679160,
2025-09-25T06:33:02.346529+00:00,4.365000,22.395300,
2025-09-25T06:33:02.351528+00:00,4.370000,22.086360,
2025-09-25T06:33:02.356529+00:00,4.375000,21.793000,
2025-09-25T06:33:02.361529+00:00,4.380000,21.533840,
2025-09-25T06:33:02.366529+00:00,4.385000,21.259100,
2025-09-25T06:33:02.371529+00:00,4.390000,20.971060,
2025-09-25T06:33:02.376529+00:00,4.395000,20.699740,
2025-09-25T06:33:02.381529+00:00,4.400000,20.412840,
2025-09-25T06:33:02.386528+00:00,4.405000,20.095160,
2025-09-25T06:33:02.391529+00:00,4.410000,19.796100,
2025-09-25T06:33:02.396528+00:00,4.415000,19.517560,
2025-09-25T06:33:02.401529+00:00,4.420000,19.219260,
2025-09-25T06:33:02.406528+00:00,4.425000,18.916780,
2025-09-25T06:33:02.411529+00:00,4.430000,18.629120,
2025-09-25T06:33:02.416528+00:00,4.435000,18.324360,
2025-09-25T06:33:02.421529+00:00,4.440000,18.009340,
2025-09-25T06:33:02.426528+00:00,4.445000,17.708760,
2025-09-25T06:33:02.431529+00:00,4.450000,17.401340,
2025-09-25T06:33:02.436528+00:00,4.455000,17.089360,
2025-09-25T06:33:02.441529+00:00,4.460000,16.810060,
2025-09-25T06:33:02.446528+00:00,4.465000,16.544440,
2025-09-25T06:33:02.451529+00:00,4.470000,16.284520,
2025-09-25T06:33:02.456528+00:00,4.475000,16.064120,
2025-09-25T06:33:02.461529+00:00,4.480000,15.836500,
2025-09-25T06:33:02.466528+00:00,4.485000,15.500200,
2025-09-25T06:33:02.471529+00:00,4.490000,15.054460,
2025-09-25T06:33:02.476528+00:00,4.495000,14.550960,
2025-09-25T06:33:02.481529+00:00,4.500000,14.021620,
2025-09-25T06:33:02.486529+00:00,4.505000,13.518500,
2025-09-25T06:33:02.491529+00:00,4.510000,13.079220,
2025-09-25T06:33:02.496529+00:00,4.515000,12.693520,
2025-09-25T06:33:02.501529+00:00,4.520000,12.416120,
2025-09-25T06:33:02.506529+00:00,4.525000,12.310480,
2025-09-25T06:33:02.511528+00:00,4.530000,12.310860,
2025-09-25T06:33:02.516529+00:00,4.535000,12.308580,
2025-09-25T06:33:02.521528+00:00,4.540000,12.286540,
2025-09-25T06:33:02.526529+00:00,4.545000,12.251200,
2025-09-25T06:33:02.531528+00:00,4.550000,12.190780,
2025-09-25T06:33:02.536529+00:00,4.555000,12.119720,
2025-09-25T06:33:02.541528+00:00,4.560000,12.047520,
2025-09-25T06:33:02.546529+00:00,4.565000,11.950240,
2025-09-25T06:33:02.551528+00:00,4.570000,11.833580,
2025-09-25T06:33:02.556529+00:00,4.575000,11.715020,
2025-09-25T06:33:02.561528+00:00,4.580000,11.574800,
2025-09-25T06:33:02.566529+00:00,4.585000,11.415580,
2025-09-25T06:33:02.571528+00:00,4.590000,11.256360,
2025-09-25T06:33:02.576529+00:00,4.595000,11.103600,
2025-09-25T06:33:02.581528+00:00,4.600000,10.951220,
2025-09-25T06:33:02.586529+00:00,4.605000,10.818600,
2025-09-25T06:33:02.591528+00:00,4.610000,10.690160,
2025-09-25T06:33:02.596529+00:00,4.615000,10.543480,
2025-09-25T06:33:02.601528+00:00,4.620000,10.390340,
2025-09-25T06:33:02.606529+00:00,4.625000,10.244040,
2025-09-25T06:33:02.611529+00:00,4.630000,10.085200,
2025-09-25T06:33:02.616529+00:00,4.635000,9.923700,
2025-09-25T06:33:02.621529+00:00,4.640000,9.778160,
2025-09-25T06:33:02.626529+00:00,4.645000,9.644780,
2025-09-25T06:33:02.631529+00:00,4.650000,9.518620,
2025-09-25T06:33:02.636528+00:00,4.655000,9.417160,
2025-09-25T06:33:02.641529+00:00,4.660000,9.313040,
2025-09-25T06:33:02.646528+00:00,4.665000,9.182700,
2025-09-25T06:33:02.651529+00:00,4.670000,9.051980,
2025-09-25T06:33:02.656528+00:00,4.675000,8.935320,
2025-09-25T06:33:02.661529+00:00,4.680000,8.811440,
2025-09-25T06:33:02.666528+00:00,4.685000,8.683000,
2025-09-25T06:33:02.671529+00:00,4.690000,8.542020,
2025-09-25T06:33:02.676528+00:00,4.695000,8.357720,
2025-09-25T06:33:02.681529+00:00,4.700000,8.147580,
2025-09-25T06:33:02.686528+00:00,4.705000,7.972400,
2025-09-25T06:33:02.691529+00:00,4.710000,7.834840,
2025-09-25T06:33:02.696528+00:00,4.715000,7.702980,
2025-09-25T06:33:02.701529+00:00,4.720000,7.575680,
2025-09-25T06:33:02.706528+00:00,4.725000,7.437360,
2025-09-25T06:33:02.711529+00:00,4.730000,7.273580,
2025-09-25T06:33:02.716528+00:00,4.735000,7.121200,
2025-09-25T06:33:02.721529+00:00,4.740000,7.007200,
2025-09-25T06:33:02.726528+00:00,4.745000,6.908780,
2025-09-25T06:33:02.731529+00:00,4.750000,6.828600,
2025-09-25T06:33:02.736529+00:00,4.755000,6.768560,
2025-09-25T06:33:02.741529+00:00,4.760000,6.696740,
2025-09-25T06:33:02.746529+00:00,4.765000,6.605160,
2025-09-25T06:33:02.751529+00:00,4.770000,6.532960,
2025-09-25T06:33:02.756529+00:00,4.775000,6.469500,
2025-09-25T06:33:02.761528+00:00,4.780000,6.382480,
2025-09-25T06:33:02.766529+00:00,4.785000,6.278360,
2025-09-25T06:33:02.771528+00:00,4.790000,6.170820,
2025-09-25T06:33:02.776529+00:00,4.795000,6.054540,
2025-09-25T06:33:02.781528+00:00,4.800000,5.958020,
2025-09-25T06:33:02.786529+00:00,4.805000,5.901400,
2025-09-25T06:33:02.791528+00:00,4.810000,5.848960,
2025-09-25T06:33:02.796529+00:00,4.815000,5.779800,
2025-09-25T06:33:02.801528+00:00,4.820000,5.712160,
2025-09-25T06:33:02.806529+00:00,4.825000,5.646800,
2025-09-25T06:33:02.811528+00:00,4.830000,5.575740,
2025-09-25T06:33:02.816529+00:00,4.835000,5.523680,
2025-09-25T06:33:02.821528+00:00,4.840000,5.506200,
2025-09-25T06:33:02.826529+00:00,4.845000,5.503160,
2025-09-25T06:33:02.831528+00:00,4.850000,5.462500,
2025-09-25T06:33:02.836529+00:00,4.855000,5.361800,
2025-09-25T06:33:02.841528+00:00,4.860000,5.322280,
2025-09-25T06:33:02.846529+00:00,4.865000,5.527480,
2025-09-25T06:33:02.851528+00:00,4.870000,5.985000,
2025-09-25T06:33:02.856529+00:00,4.875000,6.543600,
2025-09-25T06:33:02.861529+00:00,4.880000,7.096880,
2025-09-25T06:33:02.866529+00:00,4.885000,7.637620,
2025-09-25T06:33:02.871529+00:00,4.890000,7.860680,
2025-09-25T06:33:02.876529+00:00,4.895000,7.642560,
2025-09-25T06:33:02.881529+00:00,4.900000,8.045360,
2025-09-25T06:33:02.886528+00:00,4.905000,8.999160,
2025-09-25T06:33:02.891529+00:00,4.910000,8.215220,
2025-09-25T06:33:02.896528+00:00,4.915000,6.460760,
2025-09-25T06:33:02.901529+00:00,4.920000,9.384480,
2025-09-25T06:33:02.906528+00:00,4.925000,20.373700,
2025-09-25T06:33:02.911529+00:00,4.930000,34.554160,
2025-09-25T06:33:02.916528+00:00,4.935000,43.253880,
2025-09-25T06:33:02.921529+00:00,4.940000,43.631220,
2025-09-25T06:33:02.926528+00:00,4.945000,40.615540,
2025-09-25T06:33:02.931529+00:00,4.950000,39.413980,
2025-09-25T06:33:02.936528+00:00,4.955000,39.730520,
2025-09-25T06:33:02.941529+00:00,4.960000,39.330380,
2025-09-25T06:33:02.946528+00:00,4.965000,38.459420,
2025-09-25T06:33:02.951529+00:00,4.970000,37.863960,
2025-09-25T06:33:02.956528+00:00,4.975000,37.323980,
2025-09-25T06:33:02.961529+00:00,4.980000,36.735360,
2025-09-25T06:33:02.966528+00:00,4.985000,36.163460,
2025-09-25T06:33:02.971529+00:00,4.990000,35.605620,
2025-09-25T06:33:02.976528+00:00,4.995000,35.054240,
2025-09-25T06:33:02.981529+00:00,5.000000,34.512360,
2025-09-25T06:33:02.986529+00:00,5.005000,33.978080,
2025-09-25T06:33:02.991529+00:00,5.010000,33.453300,
2025-09-25T06:33:02.996529+00:00,5.015000,32.934980,
2025-09-25T06:33:03.001529+00:00,5.020000,32.425400,
2025-09-25T06:33:03.006529+00:00,5.025000,31.923040,
2025-09-25T06:33:03.011528+00:00,5.030000,31.429420,
2025-09-25T06:33:03.016529+00:00,5.035000,30.944160,
2025-09-25T06:33:03.021528+00:00,5.040000,30.467640,
2025-09-25T06:33:03.026529+00:00,5.045000,30.002140,
2025-09-25T06:33:03.031528+00:00,5.050000,29.543860,
2025-09-25T06:33:03.036529+00:00,5.055000,29.070000,
2025-09-25T06:33:03.041528+00:00,5.060000,28.558520,
2025-09-25T06:33:03.046529+00:00,5.065000,27.993460,
2025-09-25T06:33:03.051528+00:00,5.070000,27.368360,
2025-09-25T06:33:03.056529+00:00,5.075000,26.642560,
2025-09-25T06:33:03.061528+00:00,5.080000,25.771980,
2025-09-25T06:33:03.066529+00:00,5.085000,24.755860,
2025-09-25T06:33:03.071528+00:00,5.090000,23.511360,
2025-09-25T06:33:03.076529+00:00,5.095000,21.867480,
2025-09-25T06:33:03.081528+00:00,5.100000,19.653600,
2025-09-25T06:33:03.086529+00:00,5.105000,16.994740,
2025-09-25T06:33:03.091528+00:00,5.110000,14.763380,
2025-09-25T06:33:03.096529+00:00,5.115000,13.830480,
2025-09-25T06:33:03.101528+00:00,5.120000,13.687220,
2025-09-25T06:33:03.106529+00:00,5.125000,12.859960,
2025-09-25T06:33:03.111529+00:00,5.130000,10.757040,
2025-09-25T06:33:03.116529+00:00,5.135000,8.367600,
2025-09-25T06:33:03.121529+00:00,5.140000,6.844560,
2025-09-25T06:33:03.126529+00:00,5.145000,6.132440,
2025-09-25T06:33:03.131529+00:00,5.150000,5.345460,
2025-09-25T06:33:03.136528+00:00,5.155000,4.123760,
2025-09-25T06:33:03.141529+00:00,5.160000,2.941200,
2025-09-25T06:33:03.146528+00:00,5.165000,2.086200,
2025-09-25T06:33:03.151529+00:00,5.170000,1.403340,
2025-09-25T06:33:03.156528+00:00,5.175000,0.853100,
2025-09-25T06:33:03.161529+00:00,5.180000,0.501220,
2025-09-25T06:33:03.166528+00:00,5.185000,0.300580,
2025-09-25T06:33:03.171529+00:00,5.190000,0.161500,
2025-09-25T06:33:03.176528+00:00,5.195000,0.044080,
2025-09-25T06:33:03.181529+00:00,5.200000,-0.047880,
2025-09-25T06:33:03.186528+00:00,5.205000,-0.115520,
2025-09-25T06:33:03.191529+00:00,5.210000,-0.163020,
2025-09-25T06:33:03.196528+00:00,5.215000,-0.196080,
2025-09-25T06:33:03.201529+00:00,5.220000,-0.219260,
2025-09-25T06:33:03.206528+00:00,5.225000,-0.237120,
2025-09-25T06:33:03.211529+00:00,5.230000,-0.248140,
2025-09-25T06:33:03.216528+00:00,5.235000,-0.248520,
2025-09-25T06:33:03.221529+00:00,5.240000,-0.246620,
2025-09-25T06:33:03.226528+00:00,5.245000,-0.247380,
2025-09-25T06:33:03.231529+00:00,5.250000,-0.231420,
2025-09-25T06:33:03.236529+00:00,5.255000,-0.175940,
2025-09-25T06:33:03.241529+00:00,5.260000,-0.078280,
2025-09-25T06:33:03.246529+00:00,5.265000,0.038380,
2025-09-25T06:33:03.251529+00:00,5.270000,0.153140,
2025-09-25T06:33:03.256529+00:00,5.275000,0.261060,
2025-09-25T06:33:03.261528+00:00,5.280000,0.348080,
2025-09-25T06:33:03.266529+00:00,5.285000,0.400900,
2025-09-25T06:33:03.271528+00:00,5.290000,0.423320,
2025-09-25T06:33:03.276529+00:00,5.295000,0.439660,
2025-09-25T06:33:03.281528+00:00,5.300000,0.461320,
2025-09-25T06:33:03.286529+00:00,5.305000,0.482600,
2025-09-25T06:33:03.291528+00:00,5.310000,0.485260,
2025-09-25T06:33:03.296529+00:00,5.315000,0.466260,
2025-09-25T06:33:03.301528+00:00,5.320000,0.435100,
2025-09-25T06:33:03.306529+00:00,5.325000,0.417620,
2025-09-25T06:33:03.311528+00:00,5.330000,0.417240,
2025-09-25T06:33:03.316529+00:00,5.335000,0.424080,
2025-09-25T06:33:03.321528+00:00,5.340000,0.419140,
2025-09-25T06:33:03.326529+00:00,5.345000,0.400900,
2025-09-25T06:33:03.331528+00:00,5.350000,0.384940,
2025-09-25T06:33:03.336529+00:00,5.355000,0.378480,
2025-09-25T06:33:03.341528+00:00,5.360000,0.369740,
2025-09-25T06:33:03.346529+00:00,5.365000,0.353780,
2025-09-25T06:33:03.351528+00:00,5.370000,0.341240,
2025-09-25T06:33:03.356529+00:00,5.375000,0.333260,
2025-09-25T06:33:03.361529+00:00,5.380000,0.320340,
2025-09-25T06:33:03.366529+00:00,5.385000,0.306280,
2025-09-25T06:33:03.371529+00:00,5.390000,0.296020,
2025-09-25T06:33:03.376529+00:00,5.395000,0.287660,
2025-09-25T06:33:03.381529+00:00,5.400000,0.279680,
2025-09-25T06:33:03.386528+00:00,5.405000,0.269800,
2025-09-25T06:33:03.391529+00:00,5.410000,0.257640,
2025-09-25T06:33:03.396528+00:00,5.415000,0.241300,
2025-09-25T06:33:03.401529+00:00,5.420000,0.223440,
2025-09-25T06:33:03.406528+00:00,5.425000,0.209760,
2025-09-25T06:33:03.411529+00:00,5.430000,0.210140,
2025-09-25T06:33:03.416528+00:00,5.435000,0.216600,
2025-09-25T06:33:03.421529+00:00,5.440000,0.214700,
2025-09-25T06:33:03.426528+00:00,5.445000,0.204060,
2025-09-25T06:33:03.431529+00:00,5.450000,0.196080,
2025-09-25T06:33:03.436528+00:00,5.455000,0.190760,
2025-09-25T06:33:03.441529+00:00,5.460000,0.186200,
2025-09-25T06:33:03.446528+00:00,5.465000,0.179360,
2025-09-25T06:33:03.451529+00:00,5.470000,0.174420,
2025-09-25T06:33:03.456528+00:00,5.475000,0.166440,
2025-09-25T06:33:03.461529+00:00,5.480000,0.153900,
2025-09-25T06:33:03.466528+00:00,5.485000,0.145160,
2025-09-25T06:33:03.471529+00:00,5.490000,0.143260,
2025-09-25T06:33:03.476528+00:00,5.495000,0.141740,
2025-09-25T06:33:03.481529+00:00,5.500000,0.133760,
2025-09-25T06:33:03.486529+00:00,5.505000,0.121980,
2025-09-25T06:33:03.491529+00:00,5.510000,0.112480,
2025-09-25T06:33:03.496529+00:00,5.515000,0.106400,
2025-09-25T06:33:03.501529+00:00,5.520000,0.101460,
2025-09-25T06:33:03.506529+00:00,5.525000,0.093860,
2025-09-25T06:33:03.511528+00:00,5.530000,0.091580,
2025-09-25T06:33:03.516529+00:00,5.535000,0.089680,
2025-09-25T06:33:03.521528+00:00,5.540000,0.083980,
2025-09-25T06:33:03.526529+00:00,5.545000,0.071820,
2025-09-25T06:33:03.531528+00:00,5.550000,0.063460,
2025-09-25T06:33:03.536529+00:00,5.555000,0.056240,
2025-09-25T06:33:03.541528+00:00,5.560000,0.052060,
2025-09-25T06:33:03.546529+00:00,5.565000,0.045600,
2025-09-25T06:33:03.551528+00:00,5.570000,0.033440,
2025-09-25T06:33:03.556529+00:00,5.575000,0.018240,
2025-09-25T06:33:03.561528+00:00,5.580000,0.011780,
2025-09-25T06:33:03.566529+00:00,5.585000,0.014060,
2025-09-25T06:33:03.571528+00:00,5.590000,0.017480,
2025-09-25T06:33:03.576529+00:00,5.595000,0.011400,
2025-09-25T06:33:03.581528+00:00,5.600000,-0.003040,
2025-09-25T06:33:03.586529+00:00,5.605000,-0.015580,
2025-09-25T06:33:03.591528+00:00,5.610000,-0.016340,
2025-09-25T06:33:03.596529+00:00,5.615000,-0.007980,
2025-09-25T06:33:03.601528+00:00,5.620000,-0.006080,
2025-09-25T06:33:03.606529+00:00,5.625000,-0.009880,
2025-09-25T06:33:03.611529+00:00,5.630000,-0.012920,
2025-09-25T06:33:03.616529+00:00,5.635000,-0.012160,
2025-09-25T06:33:03.621529+00:00,5.640000,-0.013680,
2025-09-25T06:33:03.626529+00:00,5.645000,-0.025460,
2025-09-25T06:33:03.631529+00:00,5.650000,-0.042940,
2025-09-25T06:33:03.636528+00:00,5.655000,-0.057760,
2025-09-25T06:33:03.641529+00:00,5.660000,-0.061180,
2025-09-25T06:33:03.646528+00:00,5.665000,-0.054720,
2025-09-25T06:33:03.651529+00:00,5.670000,-0.045980,
2025-09-25T06:33:03.656528+00:00,5.675000,-0.042940,
2025-09-25T06:33:03.661529+00:00,5.680000,-0.050540,
2025-09-25T06:33:03.666528+00:00,5.685000,-0.066880,
2025-09-25T06:33:03.671529+00:00,5.690000,-0.082840,
2025-09-25T06:33:03.676528+00:00,5.695000,-0.086640,
2025-09-25T06:33:03.681529+00:00,5.700000,-0.082080,
2025-09-25T06:33:03.686528+00:00,5.705000,-0.085120,
2025-09-25T06:33:03.691529+00:00,5.710000,-0.094240,
2025-09-25T06:33:03.696528+00:00,5.715000,-0.097280,
2025-09-25T06:33:03.701529+00:00,5.720000,-0.088920,
2025-09-25T06:33:03.706528+00:00,5.725000,-0.080560,
2025-09-25T06:33:03.711529+00:00,5.730000,-0.084740,
2025-09-25T06:33:03.716528+00:00,5.735000,-0.103360,
2025-09-25T06:33:03.721529+00:00,5.740000,-0.115900,
2025-09-25T06:33:03.726528+00:00,5.745000,-0.116280,
2025-09-25T06:33:03.731529+00:00,5.750000,-0.115900,
2025-09-25T06:33:03.736529+00:00,5.755000,-0.130720,
2025-09-25T06:33:03.741529+00:00,5.760000,-0.156180,
2025-09-25T06:33:03.746529+00:00,5.765000,-0.186960,
2025-09-25T06:33:03.751529+00:00,5.770000,-0.216220,
2025-09-25T06:33:03.756529+00:00,5.775000,-0.229520,
2025-09-25T06:33:03.761528+00:00,5.780000,-0.220780,
2025-09-25T06:33:03.766529+00:00,5.785000,-0.202920,
2025-09-25T06:33:03.771528+00:00,5.790000,-0.175560,
2025-09-25T06:33:03.776529+00:00,5.795000,-0.095760,
2025-09-25T06:33:03.781528+00:00,5.800000,0.093480,
2025-09-25T06:33:03.786529+00:00,5.805000,0.387980,
2025-09-25T06:33:03.791528+00:00,5.810000,0.715920,
2025-09-25T06:33:03.796529+00:00,5.815000,0.996360,
2025-09-25T06:33:03.801528+00:00,5.820000,1.204600,
2025-09-25T06:33:03.806529+00:00,5.825000,1.355460,
2025-09-25T06:33:03.811528+00:00,5.830000,1.417780,
2025-09-25T06:33:03.816529+00:00,5.835000,1.333800,
2025-09-25T06:33:03.821528+00:00,5.840000,1.100480,
2025-09-25T06:33:03.826529+00:00,5.845000,0.830300,
2025-09-25T06:33:03.831528+00:00,5.850000,0.823460,
2025-09-25T06:33:03.836529+00:00,5.855000,1.162800,
2025-09-25T06:33:03.841528+00:00,5.860000,1.238040,
2025-09-25T06:33:03.846529+00:00,5.865000,0.386840,
2025-09-25T06:33:03.851528+00:00,5.870000,-1.167360,
2025-09-25T06:33:03.856529+00:00,5.875000,-2.554360,
2025-09-25T06:33:03.861529+00:00,5.880000,-3.369460,
2025-09-25T06:33:03.866529+00:00,5.885000,-4.077400,
2025-09-25T06:33:03.871529+00:00,5.890000,-5.158120,
2025-09-25T06:33:03.876529+00:00,5.895000,-6.231620,
2025-09-25T06:33:03.881529+00:00,5.900000,-6.540940,
2025-09-25T06:33:03.886528+00:00,5.905000,-6.168920,
2025-09-25T06:33:03.891529+00:00,5.910000,-5.915080,
2025-09-25T06:33:03.896528+00:00,5.915000,-6.166260,
2025-09-25T06:33:03.901529+00:00,5.920000,-6.626440,
2025-09-25T06:33:03.906528+00:00,5.925000,-6.889780,
2025-09-25T06:33:03.911529+00:00,5.930000,-6.868500,
2025-09-25T06:33:03.916528+00:00,5.935000,-6.763620,
2025-09-25T06:33:03.921529+00:00,5.940000,-6.719920,
2025-09-25T06:33:03.926528+00:00,5.945000,-6.684200,
2025-09-25T06:33:03.931529+00:00,5.950000,-6.605540,
2025-09-25T06:33:03.936528+00:00,5.955000,-6.520420,
2025-09-25T06:33:03.941529+00:00,5.960000,-6.441380,
2025-09-25T06:33:03.946528+00:00,5.965000,-6.355880,
2025-09-25T06:33:03.951529+00:00,5.970000,-6.268480,
2025-09-25T06:33:03.956528+00:00,5.975000,-6.189060,
2025-09-25T06:33:03.961529+00:00,5.980000,-6.108880,
2025-09-25T06:33:03.966528+00:00,5.985000,-6.022620,
2025-09-25T06:33:03.971529+00:00,5.990000,-5.937120,
2025-09-25T06:33:03.976528+00:00,5.995000,-5.865680,
2025-09-25T06:33:03.981529+00:00,6.000000,-5.796520,
2025-09-25T06:33:03.986529+00:00,6.005000,-5.714440,
2025-09-25T06:33:03.991529+00:00,6.010000,-5.621720,
2025-09-25T06:33:03.996529+00:00,6.015000,-5.537740,
2025-09-25T06:33:04.001529+00:00,6.020000,-5.467440,
2025-09-25T06:33:04.006529+00:00,6.025000,-5.398660,
2025-09-25T06:33:04.011528+00:00,6.030000,-5.320380,
2025-09-25T06:33:04.016529+00:00,6.035000,-5.237160,
2025-09-25T06:33:04.021528+00:00,6.040000,-5.161920,
2025-09-25T06:33:04.026529+00:00,6.045000,-5.085160,
2025-09-25T06:33:04.031528+00:00,6.050000,-5.006500,
2025-09-25T06:33:04.036529+00:00,6.055000,-4.935440,
2025-09-25T06:33:04.041528+00:00,6.060000,-4.875020,
2025-09-25T06:33:04.046529+00:00,6.065000,-4.814220,
2025-09-25T06:33:04.051528+00:00,6.070000,-4.744300,
2025-09-25T06:33:04.056529+00:00,6.075000,-4.669060,
